sex_orientation,type,prop
Bisexual,anxiety,0.48668280871670705
Bisexual,depression,0.5108958837772397
Gay/Lesbian,anxiety,0.2190265486725664
Gay/Lesbian,depression,0.252212389380531
Something else,anxiety,0.4098360655737705
Something else,depression,0.4672131147540984
Straight,anxiety,0.14521430008719566
Straight,depression,0.179287678583406
